ID,	Reg Date,	Event Date
100,	05/17/2016,	05/17/2016
100,	05/17/2016,	07/19/2016
101,	06/18/2016,	06/18/2016
102,	07/19/2016,	07/19/2016
102,	07/19/2016,	08/20/2016
102,	07/19/2016,	10/22/2016
103,	08/20/2016,	08/20/2016
103,	08/20/2016,	10/22/2016
104,	09/21/2016,	09/21/2016
104,	09/21/2016,	10/22/2016
105,	10/22/2016,	10/22/2016
106,	11/23/2016,	11/23/2016
106,	11/23/2016,	12/24/2016
107,	12/24/2016,	12/24/2016
108,	01/25/2016,	01/25/2016
108,	01/25/2016,	02/26/2016
109,	02/26/2016,	02/26/2016
110,	03/27/2016,	03/27/2016
110,	03/27/2016,	04/28/2016
110,	03/27/2016,	05/01/2016
110,	03/27/2016,	07/03/2016
111,	04/28/2016,	04/28/2016
112,	05/01/2016,	05/01/2016
112,	05/01/2016,	06/02/2016
112,	05/01/2016,	08/04/2016
113,	06/02/2016,	06/02/2016
114,	07/03/2016,	07/03/2016
114,	07/03/2016,	08/04/2016
115,	08/04/2016,	08/04/2016
116,	09/05/2016,	09/05/2016
116,	09/05/2016,	10/06/2016
117,	10/06/2016,	10/06/2016
117,	10/06/2016,	12/08/2016
118,	11/07/2016,	11/07/2016
119,	12/08/2016,	12/08/2016
120,	01/09/2016,	01/09/2016
120,	01/09/2016,	03/11/2016
121,	02/10/2016,	02/10/2016
122,	03/11/2016,	03/11/2016
122,	03/11/2016,	06/14/2016
123,	04/12/2016,	04/12/2016
123,	04/12/2016,	10/18/2016
123,	04/12/2016,	11/19/2016
124,	05/13/2016,	05/13/2016
124,	05/13/2016,	09/17/2016
125,	06/14/2016,	06/14/2016
125,	06/14/2016,	07/15/2016
126,	07/15/2016,	07/15/2016
127,	08/16/2016,	08/16/2016
127,	08/16/2016,	09/17/2016
127,	08/16/2016,	10/18/2016
128,	09/17/2016,	09/17/2016
129,	10/18/2016,	10/18/2016
129,	10/18/2016,	11/19/2016
130,	11/19/2016,	11/19/2016
131,	12/20/2016,	12/20/2016
132,	01/21/2016,	01/21/2016
132,	01/21/2016,	04/24/2016
133,	02/22/2016,	02/22/2016
133,	02/22/2016,	03/23/2016
134,	03/23/2016,	03/23/2016
134,	03/23/2016,	05/25/2016
135,	04/24/2016,	04/24/2016
135,	04/24/2016,	05/25/2016
136,	05/25/2016,	05/25/2016
137,	06/26/2016,	06/26/2016
137,	06/26/2016,	07/27/2016
137,	06/26/2016,	08/28/2016
137,	06/26/2016,	11/03/2016
138,	07/27/2016,	07/27/2016
138,	07/27/2016,	11/03/2016
139,	08/28/2016,	08/28/2016
140,	09/01/2016,	09/01/2016
141,	10/02/2016,	10/02/2016
142,	11/03/2016,	11/03/2016
143,	12/04/2016,	12/04/2016
144,	01/05/2016,	01/05/2016
144,	01/05/2016,	03/07/2016
145,	02/06/2016,	02/06/2016
146,	03/07/2016,	03/07/2016
146,	03/07/2016,	04/08/2016
147,	04/08/2016,	04/08/2016
147,	04/08/2016,	10/14/2016
148,	05/09/2016,	05/09/2016
148,	05/09/2016,	06/10/2016
148,	05/09/2016,	10/14/2016
149,	06/10/2016,	06/10/2016
150,	07/11/2016,	07/11/2016
150,	07/11/2016,	08/12/2016
151,	08/12/2016,	08/12/2016
151,	08/12/2016,	10/14/2016
152,	09/13/2016,	09/13/2016
152,	09/13/2016,	10/14/2016
152,	09/13/2016,	12/16/2016
153,	10/14/2016,	10/14/2016
154,	11/15/2016,	11/15/2016
154,	11/15/2016,	12/16/2016
155,	12/16/2016,	12/16/2016
156,	01/17/2016,	01/17/2016
156,	01/17/2016,	02/18/2016
157,	02/18/2016,	02/18/2016
157,	02/18/2016,	06/22/2016
158,	03/19/2016,	03/19/2016
158,	03/19/2016,	04/20/2016
159,	04/20/2016,	04/20/2016
160,	05/21/2016,	05/21/2016
160,	05/21/2016,	06/22/2016
161,	06/22/2016,	06/22/2016
161,	06/22/2016,	08/24/2016
162,	07/23/2016,	07/23/2016
162,	07/23/2016,	10/26/2016
163,	08/24/2016,	08/24/2016
164,	09/25/2016,	09/25/2016
165,	10/26/2016,	10/26/2016
166,	11/27/2016,	11/27/2016
167,	12/28/2016,	12/28/2016
168,	01/01/2016,	01/01/2016
168,	01/01/2016,	03/03/2016
168,	01/01/2016,	06/06/2016
169,	02/02/2016,	02/02/2016
169,	02/02/2016,	03/03/2016
170,	03/03/2016,	03/03/2016
170,	03/03/2016,	12/12/2016
171,	04/04/2016,	04/04/2016
171,	04/04/2016,	05/05/2016
171,	04/04/2016,	08/08/2016
172,	05/05/2016,	05/05/2016
173,	06/06/2016,	06/06/2016
173,	06/06/2016,	07/07/2016
174,	07/07/2016,	07/07/2016
175,	08/08/2016,	08/08/2016
175,	08/08/2016,	09/09/2016
175,	08/08/2016,	10/10/2016
175,	08/08/2016,	11/11/2016
176,	09/09/2016,	09/09/2016
177,	10/10/2016,	10/10/2016
177,	10/10/2016,	11/11/2016
178,	11/11/2016,	11/11/2016
179,	12/12/2016,	12/12/2016
180,	01/13/2016,	01/13/2016
181,	02/14/2016,	02/14/2016
181,	02/14/2016,	03/15/2016
181,	02/14/2016,	09/21/2016
181,	02/14/2016,	12/24/2016
182,	03/15/2016,	03/15/2016
183,	04/16/2016,	04/16/2016
183,	04/16/2016,	05/17/2016
184,	05/17/2016,	05/17/2016
185,	06/18/2016,	06/18/2016
185,	06/18/2016,	08/20/2016
185,	06/18/2016,	09/21/2016
185,	06/18/2016,	10/22/2016
186,	07/19/2016,	07/19/2016
187,	08/20/2016,	08/20/2016
188,	09/21/2016,	09/21/2016
189,	10/22/2016,	10/22/2016
190,	11/23/2016,	11/23/2016
191,	12/24/2016,	12/24/2016
192,	01/25/2016,	01/25/2016
192,	01/25/2016,	02/26/2016
192,	01/25/2016,	03/27/2016
193,	02/26/2016,	02/26/2016
194,	03/27/2016,	03/27/2016
194,	03/27/2016,	04/28/2016
195,	04/28/2016,	04/28/2016
195,	04/28/2016,	06/02/2016
195,	04/28/2016,	07/03/2016
196,	05/01/2016,	05/01/2016
196,	05/01/2016,	06/02/2016
197,	06/02/2016,	06/02/2016
198,	07/03/2016,	07/03/2016
198,	07/03/2016,	08/04/2016
199,	08/04/2016,	08/04/2016
199,	08/04/2016,	12/08/2016
200,	09/05/2016,	09/05/2016
200,	09/05/2016,	10/06/2016
201,	10/06/2016,	10/06/2016
202,	11/07/2016,	11/07/2016
202,	11/07/2016,	12/08/2016
203,	12/08/2016,	12/08/2016
204,	01/09/2016,	01/09/2016
204,	01/09/2016,	02/10/2016
205,	02/10/2016,	02/10/2016
205,	02/10/2016,	05/13/2016
206,	03/11/2016,	03/11/2016
207,	04/12/2016,	04/12/2016
208,	05/13/2016,	05/13/2016
209,	06/14/2016,	06/14/2016
209,	06/14/2016,	08/16/2016
210,	07/15/2016,	07/15/2016
210,	07/15/2016,	12/20/2016
211,	08/16/2016,	08/16/2016
212,	09/17/2016,	09/17/2016
212,	09/17/2016,	11/19/2016
213,	10/18/2016,	10/18/2016
213,	10/18/2016,	11/19/2016
214,	11/19/2016,	11/19/2016
215,	12/20/2016,	12/20/2016
216,	01/21/2016,	01/21/2016
217,	02/22/2016,	02/22/2016
217,	02/22/2016,	03/23/2016
218,	03/23/2016,	03/23/2016
219,	04/24/2016,	04/24/2016
219,	04/24/2016,	05/25/2016
219,	04/24/2016,	06/26/2016
219,	04/24/2016,	11/03/2016
220,	05/25/2016,	05/25/2016
221,	06/26/2016,	06/26/2016
221,	06/26/2016,	07/27/2016
222,	07/27/2016,	07/27/2016
223,	08/28/2016,	08/28/2016
223,	08/28/2016,	09/01/2016
224,	09/01/2016,	09/01/2016
225,	10/02/2016,	10/02/2016
225,	10/02/2016,	11/03/2016
226,	11/03/2016,	11/03/2016
227,	12/04/2016,	12/04/2016
228,	01/05/2016,	01/05/2016
229,	02/06/2016,	02/06/2016
229,	02/06/2016,	04/08/2016
230,	03/07/2016,	03/07/2016
230,	03/07/2016,	08/12/2016
231,	04/08/2016,	04/08/2016
232,	05/09/2016,	05/09/2016
232,	05/09/2016,	09/13/2016
233,	06/10/2016,	06/10/2016
234,	07/11/2016,	07/11/2016
235,	08/12/2016,	08/12/2016
235,	08/12/2016,	11/15/2016
236,	09/13/2016,	09/13/2016
236,	09/13/2016,	10/14/2016
236,	09/13/2016,	11/15/2016
237,	10/14/2016,	10/14/2016
238,	11/15/2016,	11/15/2016
238,	11/15/2016,	12/16/2016
239,	12/16/2016,	12/16/2016
240,	01/17/2016,	01/17/2016
240,	01/17/2016,	02/18/2016
241,	02/18/2016,	02/18/2016
241,	02/18/2016,	07/23/2016
242,	03/19/2016,	03/19/2016
242,	03/19/2016,	04/20/2016
242,	03/19/2016,	09/25/2016
243,	04/20/2016,	04/20/2016
243,	04/20/2016,	06/22/2016
244,	05/21/2016,	05/21/2016
244,	05/21/2016,	06/22/2016
245,	06/22/2016,	06/22/2016
245,	06/22/2016,	09/25/2016
246,	07/23/2016,	07/23/2016
246,	07/23/2016,	08/24/2016
246,	07/23/2016,	11/27/2016
247,	08/24/2016,	08/24/2016
248,	09/25/2016,	09/25/2016
248,	09/25/2016,	10/26/2016
249,	10/26/2016,	10/26/2016
250,	11/27/2016,	11/27/2016
250,	11/27/2016,	12/28/2016
251,	12/28/2016,	12/28/2016
252,	01/01/2016,	01/01/2016
253,	02/02/2016,	02/02/2016
253,	02/02/2016,	04/04/2016
254,	03/03/2016,	03/03/2016
255,	04/04/2016,	04/04/2016
255,	04/04/2016,	07/07/2016
256,	05/05/2016,	05/05/2016
257,	06/06/2016,	06/06/2016
258,	07/07/2016,	07/07/2016
258,	07/07/2016,	10/10/2016
259,	08/08/2016,	08/08/2016
259,	08/08/2016,	09/09/2016
260,	09/09/2016,	09/09/2016
260,	09/09/2016,	11/11/2016
261,	10/10/2016,	10/10/2016
261,	10/10/2016,	11/11/2016
262,	11/11/2016,	11/11/2016
263,	12/12/2016,	12/12/2016
264,	01/13/2016,	01/13/2016
265,	02/14/2016,	02/14/2016
265,	02/14/2016,	03/15/2016
266,	03/15/2016,	03/15/2016
266,	03/15/2016,	09/21/2016
267,	04/16/2016,	04/16/2016
267,	04/16/2016,	05/17/2016
267,	04/16/2016,	06/18/2016
268,	05/17/2016,	05/17/2016
268,	05/17/2016,	08/20/2016
269,	06/18/2016,	06/18/2016
269,	06/18/2016,	07/19/2016
270,	07/19/2016,	07/19/2016
270,	07/19/2016,	09/21/2016
271,	08/20/2016,	08/20/2016
271,	08/20/2016,	09/21/2016
272,	09/21/2016,	09/21/2016
273,	10/22/2016,	10/22/2016
274,	11/23/2016,	11/23/2016
275,	12/24/2016,	12/24/2016
276,	01/25/2016,	01/25/2016
277,	02/26/2016,	02/26/2016
277,	02/26/2016,	04/28/2016
277,	02/26/2016,	09/05/2016
278,	03/27/2016,	03/27/2016
278,	03/27/2016,	06/02/2016
279,	04/28/2016,	04/28/2016
280,	05/01/2016,	05/01/2016
280,	05/01/2016,	06/02/2016
281,	06/02/2016,	06/02/2016
282,	07/03/2016,	07/03/2016
282,	07/03/2016,	08/04/2016
283,	08/04/2016,	08/04/2016
284,	09/05/2016,	09/05/2016
284,	09/05/2016,	10/06/2016
284,	09/05/2016,	11/07/2016
285,	10/06/2016,	10/06/2016
286,	11/07/2016,	11/07/2016
286,	11/07/2016,	12/08/2016
287,	12/08/2016,	12/08/2016
288,	01/09/2016,	01/09/2016
288,	01/09/2016,	02/10/2016
288,	01/09/2016,	04/12/2016
288,	01/09/2016,	05/13/2016
289,	02/10/2016,	02/10/2016
290,	03/11/2016,	03/11/2016
290,	03/11/2016,	04/12/2016
291,	04/12/2016,	04/12/2016
292,	05/13/2016,	05/13/2016
292,	05/13/2016,	06/14/2016
292,	05/13/2016,	10/18/2016
293,	06/14/2016,	06/14/2016
294,	07/15/2016,	07/15/2016
294,	07/15/2016,	08/16/2016
294,	07/15/2016,	09/17/2016
295,	08/16/2016,	08/16/2016
296,	09/17/2016,	09/17/2016
297,	10/18/2016,	10/18/2016
298,	11/19/2016,	11/19/2016
299,	12/20/2016,	12/20/2016
300,	01/21/2016,	01/21/2016
301,	02/22/2016,	02/22/2016
301,	02/22/2016,	04/24/2016
302,	03/23/2016,	03/23/2016
302,	03/23/2016,	07/27/2016
303,	04/24/2016,	04/24/2016
303,	04/24/2016,	05/25/2016
303,	04/24/2016,	09/01/2016
304,	05/25/2016,	05/25/2016
304,	05/25/2016,	07/27/2016
305,	06/26/2016,	06/26/2016
305,	06/26/2016,	07/27/2016
306,	07/27/2016,	07/27/2016
307,	08/28/2016,	08/28/2016
307,	08/28/2016,	09/01/2016
308,	09/01/2016,	09/01/2016
308,	09/01/2016,	12/04/2016
309,	10/02/2016,	10/02/2016
309,	10/02/2016,	11/03/2016
310,	11/03/2016,	11/03/2016
311,	12/04/2016,	12/04/2016
312,	01/05/2016,	01/05/2016
313,	02/06/2016,	02/06/2016
313,	02/06/2016,	03/07/2016
314,	03/07/2016,	03/07/2016
315,	04/08/2016,	04/08/2016
315,	04/08/2016,	05/09/2016
315,	04/08/2016,	11/15/2016
316,	05/09/2016,	05/09/2016
316,	05/09/2016,	09/13/2016
317,	06/10/2016,	06/10/2016
318,	07/11/2016,	07/11/2016
318,	07/11/2016,	09/13/2016
318,	07/11/2016,	10/14/2016
319,	08/12/2016,	08/12/2016
320,	09/13/2016,	09/13/2016
321,	10/14/2016,	10/14/2016
321,	10/14/2016,	12/16/2016
322,	11/15/2016,	11/15/2016
323,	12/16/2016,	12/16/2016
324,	01/17/2016,	01/17/2016
325,	02/18/2016,	02/18/2016
326,	03/19/2016,	03/19/2016
326,	03/19/2016,	04/20/2016
327,	04/20/2016,	04/20/2016
328,	05/21/2016,	05/21/2016
328,	05/21/2016,	06/22/2016
328,	05/21/2016,	07/23/2016
328,	05/21/2016,	08/24/2016
329,	06/22/2016,	06/22/2016
330,	07/23/2016,	07/23/2016
330,	07/23/2016,	08/24/2016
331,	08/24/2016,	08/24/2016
332,	09/25/2016,	09/25/2016
332,	09/25/2016,	10/26/2016
333,	10/26/2016,	10/26/2016
334,	11/27/2016,	11/27/2016
334,	11/27/2016,	12/28/2016
335,	12/28/2016,	12/28/2016
336,	01/01/2016,	01/01/2016
336,	01/01/2016,	02/02/2016
336,	01/01/2016,	09/09/2016
337,	02/02/2016,	02/02/2016
338,	03/03/2016,	03/03/2016
338,	03/03/2016,	04/04/2016
338,	03/03/2016,	06/06/2016
338,	03/03/2016,	11/11/2016
339,	04/04/2016,	04/04/2016
340,	05/05/2016,	05/05/2016
341,	06/06/2016,	06/06/2016
342,	07/07/2016,	07/07/2016
342,	07/07/2016,	09/09/2016
343,	08/08/2016,	08/08/2016
344,	09/09/2016,	09/09/2016
345,	10/10/2016,	10/10/2016
345,	10/10/2016,	12/12/2016
346,	11/11/2016,	11/11/2016
347,	12/12/2016,	12/12/2016
348,	01/13/2016,	01/13/2016
348,	01/13/2016,	04/16/2016
348,	01/13/2016,	09/21/2016
348,	01/13/2016,	10/22/2016
349,	02/14/2016,	02/14/2016
349,	02/14/2016,	03/15/2016
349,	02/14/2016,	06/18/2016
350,	03/15/2016,	03/15/2016
350,	03/15/2016,	11/23/2016
351,	04/16/2016,	04/16/2016
351,	04/16/2016,	05/17/2016
352,	05/17/2016,	05/17/2016
352,	05/17/2016,	07/19/2016
353,	06/18/2016,	06/18/2016
353,	06/18/2016,	07/19/2016
353,	06/18/2016,	12/24/2016
354,	07/19/2016,	07/19/2016
354,	07/19/2016,	12/24/2016
355,	08/20/2016,	08/20/2016
355,	08/20/2016,	09/21/2016
356,	09/21/2016,	09/21/2016
357,	10/22/2016,	10/22/2016
357,	10/22/2016,	11/23/2016
358,	11/23/2016,	11/23/2016
359,	12/24/2016,	12/24/2016
360,	01/25/2016,	01/25/2016
360,	01/25/2016,	11/07/2016
361,	02/26/2016,	02/26/2016
361,	02/26/2016,	03/27/2016
361,	02/26/2016,	05/01/2016
361,	02/26/2016,	08/04/2016
362,	03/27/2016,	03/27/2016
362,	03/27/2016,	05/01/2016
363,	04/28/2016,	04/28/2016
363,	04/28/2016,	08/04/2016
364,	05/01/2016,	05/01/2016
365,	06/02/2016,	06/02/2016
366,	07/03/2016,	07/03/2016
367,	08/04/2016,	08/04/2016
368,	09/05/2016,	09/05/2016
369,	10/06/2016,	10/06/2016
369,	10/06/2016,	12/08/2016
370,	11/07/2016,	11/07/2016
370,	11/07/2016,	12/08/2016
371,	12/08/2016,	12/08/2016
372,	01/09/2016,	01/09/2016
372,	01/09/2016,	02/10/2016
372,	01/09/2016,	10/18/2016
373,	02/10/2016,	02/10/2016
373,	02/10/2016,	09/17/2016
374,	03/11/2016,	03/11/2016
374,	03/11/2016,	04/12/2016
374,	03/11/2016,	08/16/2016
375,	04/12/2016,	04/12/2016
376,	05/13/2016,	05/13/2016
376,	05/13/2016,	06/14/2016
376,	05/13/2016,	07/15/2016
377,	06/14/2016,	06/14/2016
377,	06/14/2016,	10/18/2016
377,	06/14/2016,	12/20/2016
378,	07/15/2016,	07/15/2016
378,	07/15/2016,	08/16/2016
379,	08/16/2016,	08/16/2016
379,	08/16/2016,	10/18/2016
380,	09/17/2016,	09/17/2016
380,	09/17/2016,	10/18/2016
381,	10/18/2016,	10/18/2016
382,	11/19/2016,	11/19/2016
382,	11/19/2016,	12/20/2016
383,	12/20/2016,	12/20/2016
384,	01/21/2016,	01/21/2016
385,	02/22/2016,	02/22/2016
385,	02/22/2016,	07/27/2016
385,	02/22/2016,	08/28/2016
386,	03/23/2016,	03/23/2016
386,	03/23/2016,	05/25/2016
387,	04/24/2016,	04/24/2016
388,	05/25/2016,	05/25/2016
389,	06/26/2016,	06/26/2016
390,	07/27/2016,	07/27/2016
391,	08/28/2016,	08/28/2016
391,	08/28/2016,	11/03/2016
391,	08/28/2016,	12/04/2016
392,	09/01/2016,	09/01/2016
393,	10/02/2016,	10/02/2016
393,	10/02/2016,	11/03/2016
393,	10/02/2016,	12/04/2016
394,	11/03/2016,	11/03/2016
395,	12/04/2016,	12/04/2016
396,	01/05/2016,	01/05/2016
396,	01/05/2016,	03/07/2016
396,	01/05/2016,	05/09/2016
397,	02/06/2016,	02/06/2016
397,	02/06/2016,	03/07/2016
398,	03/07/2016,	03/07/2016
399,	04/08/2016,	04/08/2016
399,	04/08/2016,	05/09/2016
400,	05/09/2016,	05/09/2016
401,	06/10/2016,	06/10/2016
401,	06/10/2016,	07/11/2016
401,	06/10/2016,	09/13/2016
402,	07/11/2016,	07/11/2016
403,	08/12/2016,	08/12/2016
403,	08/12/2016,	09/13/2016
403,	08/12/2016,	10/14/2016
404,	09/13/2016,	09/13/2016
405,	10/14/2016,	10/14/2016
405,	10/14/2016,	11/15/2016
406,	11/15/2016,	11/15/2016
407,	12/16/2016,	12/16/2016
408,	01/17/2016,	01/17/2016
409,	02/18/2016,	02/18/2016
410,	03/19/2016,	03/19/2016
410,	03/19/2016,	05/21/2016
410,	03/19/2016,	07/23/2016
411,	04/20/2016,	04/20/2016
411,	04/20/2016,	07/23/2016
412,	05/21/2016,	05/21/2016
413,	06/22/2016,	06/22/2016
414,	07/23/2016,	07/23/2016
414,	07/23/2016,	08/24/2016
415,	08/24/2016,	08/24/2016
416,	09/25/2016,	09/25/2016
416,	09/25/2016,	10/26/2016
417,	10/26/2016,	10/26/2016
418,	11/27/2016,	11/27/2016
418,	11/27/2016,	12/28/2016
419,	12/28/2016,	12/28/2016
420,	01/01/2016,	01/01/2016
420,	01/01/2016,	02/02/2016
420,	01/01/2016,	03/03/2016
421,	02/02/2016,	02/02/2016
421,	02/02/2016,	05/05/2016
422,	03/03/2016,	03/03/2016
422,	03/03/2016,	04/04/2016
423,	04/04/2016,	04/04/2016
424,	05/05/2016,	05/05/2016
424,	05/05/2016,	06/06/2016
424,	05/05/2016,	09/09/2016
425,	06/06/2016,	06/06/2016
426,	07/07/2016,	07/07/2016
426,	07/07/2016,	08/08/2016
427,	08/08/2016,	08/08/2016
427,	08/08/2016,	10/10/2016
428,	09/09/2016,	09/09/2016
428,	09/09/2016,	10/10/2016
429,	10/10/2016,	10/10/2016
430,	11/11/2016,	11/11/2016
431,	12/12/2016,	12/12/2016
432,	01/13/2016,	01/13/2016
433,	02/14/2016,	02/14/2016
434,	03/15/2016,	03/15/2016
434,	03/15/2016,	05/17/2016
435,	04/16/2016,	04/16/2016
436,	05/17/2016,	05/17/2016
436,	05/17/2016,	10/22/2016
437,	06/18/2016,	06/18/2016
437,	06/18/2016,	07/19/2016
437,	06/18/2016,	08/20/2016
438,	07/19/2016,	07/19/2016
438,	07/19/2016,	11/23/2016
439,	08/20/2016,	08/20/2016
439,	08/20/2016,	09/21/2016
440,	09/21/2016,	09/21/2016
441,	10/22/2016,	10/22/2016
441,	10/22/2016,	11/23/2016
442,	11/23/2016,	11/23/2016
443,	12/24/2016,	12/24/2016
444,	01/25/2016,	01/25/2016
444,	01/25/2016,	03/27/2016
445,	02/26/2016,	02/26/2016
445,	02/26/2016,	03/27/2016
445,	02/26/2016,	11/07/2016
446,	03/27/2016,	03/27/2016
447,	04/28/2016,	04/28/2016
447,	04/28/2016,	05/01/2016
447,	04/28/2016,	09/05/2016
448,	05/01/2016,	05/01/2016
449,	06/02/2016,	06/02/2016
449,	06/02/2016,	07/03/2016
450,	07/03/2016,	07/03/2016
451,	08/04/2016,	08/04/2016
451,	08/04/2016,	10/06/2016
451,	08/04/2016,	11/07/2016
452,	09/05/2016,	09/05/2016
453,	10/06/2016,	10/06/2016
454,	11/07/2016,	11/07/2016
455,	12/08/2016,	12/08/2016
456,	01/09/2016,	01/09/2016
457,	02/10/2016,	02/10/2016
458,	03/11/2016,	03/11/2016
459,	04/12/2016,	04/12/2016
460,	05/13/2016,	05/13/2016
460,	05/13/2016,	06/14/2016
460,	05/13/2016,	12/20/2016
461,	06/14/2016,	06/14/2016
461,	06/14/2016,	08/16/2016
461,	06/14/2016,	09/17/2016
462,	07/15/2016,	07/15/2016
462,	07/15/2016,	08/16/2016
463,	08/16/2016,	08/16/2016
464,	09/17/2016,	09/17/2016
464,	09/17/2016,	10/18/2016
464,	09/17/2016,	12/20/2016
465,	10/18/2016,	10/18/2016
466,	11/19/2016,	11/19/2016
466,	11/19/2016,	12/20/2016
467,	12/20/2016,	12/20/2016
468,	01/21/2016,	01/21/2016
468,	01/21/2016,	02/22/2016
468,	01/21/2016,	03/23/2016
469,	02/22/2016,	02/22/2016
469,	02/22/2016,	09/01/2016
469,	02/22/2016,	11/03/2016
470,	03/23/2016,	03/23/2016
470,	03/23/2016,	04/24/2016
471,	04/24/2016,	04/24/2016
471,	04/24/2016,	06/26/2016
472,	05/25/2016,	05/25/2016
472,	05/25/2016,	06/26/2016
472,	05/25/2016,	11/03/2016
473,	06/26/2016,	06/26/2016
474,	07/27/2016,	07/27/2016
474,	07/27/2016,	10/02/2016
475,	08/28/2016,	08/28/2016
476,	09/01/2016,	09/01/2016
477,	10/02/2016,	10/02/2016
478,	11/03/2016,	11/03/2016
479,	12/04/2016,	12/04/2016
480,	01/05/2016,	01/05/2016
480,	01/05/2016,	05/09/2016
480,	01/05/2016,	07/11/2016
481,	02/06/2016,	02/06/2016
481,	02/06/2016,	03/07/2016
482,	03/07/2016,	03/07/2016
483,	04/08/2016,	04/08/2016
483,	04/08/2016,	05/09/2016
484,	05/09/2016,	05/09/2016
484,	05/09/2016,	08/12/2016
485,	06/10/2016,	06/10/2016
485,	06/10/2016,	07/11/2016
485,	06/10/2016,	08/12/2016
485,	06/10/2016,	10/14/2016
486,	07/11/2016,	07/11/2016
487,	08/12/2016,	08/12/2016
487,	08/12/2016,	09/13/2016
488,	09/13/2016,	09/13/2016
488,	09/13/2016,	11/15/2016
489,	10/14/2016,	10/14/2016
489,	10/14/2016,	11/15/2016
490,	11/15/2016,	11/15/2016
491,	12/16/2016,	12/16/2016
492,	01/17/2016,	01/17/2016
493,	02/18/2016,	02/18/2016
493,	02/18/2016,	03/19/2016
494,	03/19/2016,	03/19/2016
494,	03/19/2016,	06/22/2016
495,	04/20/2016,	04/20/2016
495,	04/20/2016,	05/21/2016
495,	04/20/2016,	06/22/2016
496,	05/21/2016,	05/21/2016
496,	05/21/2016,	11/27/2016
497,	06/22/2016,	06/22/2016
498,	07/23/2016,	07/23/2016
498,	07/23/2016,	12/28/2016
499,	08/24/2016,	08/24/2016
499,	08/24/2016,	12/28/2016
500,	09/25/2016,	09/25/2016
501,	10/26/2016,	10/26/2016
502,	11/27/2016,	11/27/2016
503,	12/28/2016,	12/28/2016
504,	01/01/2016,	01/01/2016
504,	01/01/2016,	02/02/2016
504,	01/01/2016,	04/04/2016
504,	01/01/2016,	07/07/2016
505,	02/02/2016,	02/02/2016
506,	03/03/2016,	03/03/2016
506,	03/03/2016,	04/04/2016
507,	04/04/2016,	04/04/2016
508,	05/05/2016,	05/05/2016
508,	05/05/2016,	06/06/2016
509,	06/06/2016,	06/06/2016
509,	06/06/2016,	11/11/2016
510,	07/07/2016,	07/07/2016
510,	07/07/2016,	08/08/2016
511,	08/08/2016,	08/08/2016
512,	09/09/2016,	09/09/2016
512,	09/09/2016,	10/10/2016
512,	09/09/2016,	11/11/2016
513,	10/10/2016,	10/10/2016
514,	11/11/2016,	11/11/2016
514,	11/11/2016,	12/12/2016
515,	12/12/2016,	12/12/2016
516,	01/13/2016,	01/13/2016
516,	01/13/2016,	02/14/2016
517,	02/14/2016,	02/14/2016
518,	03/15/2016,	03/15/2016
519,	04/16/2016,	04/16/2016
519,	04/16/2016,	06/18/2016
520,	05/17/2016,	05/17/2016
521,	06/18/2016,	06/18/2016
522,	07/19/2016,	07/19/2016
523,	08/20/2016,	08/20/2016
524,	09/21/2016,	09/21/2016
524,	09/21/2016,	12/24/2016
525,	10/22/2016,	10/22/2016
526,	11/23/2016,	11/23/2016
527,	12/24/2016,	12/24/2016
528,	01/25/2016,	01/25/2016
529,	02/26/2016,	02/26/2016
529,	02/26/2016,	03/27/2016
529,	02/26/2016,	04/28/2016
529,	02/26/2016,	07/03/2016
530,	03/27/2016,	03/27/2016
531,	04/28/2016,	04/28/2016
531,	04/28/2016,	05/01/2016
532,	05/01/2016,	05/01/2016
533,	06/02/2016,	06/02/2016
533,	06/02/2016,	07/03/2016
534,	07/03/2016,	07/03/2016
534,	07/03/2016,	10/06/2016
535,	08/04/2016,	08/04/2016
535,	08/04/2016,	09/05/2016
536,	09/05/2016,	09/05/2016
536,	09/05/2016,	11/07/2016
537,	10/06/2016,	10/06/2016
537,	10/06/2016,	11/07/2016
538,	11/07/2016,	11/07/2016
539,	12/08/2016,	12/08/2016
540,	01/09/2016,	01/09/2016
540,	01/09/2016,	06/14/2016
541,	02/10/2016,	02/10/2016
541,	02/10/2016,	06/14/2016
542,	03/11/2016,	03/11/2016
542,	03/11/2016,	12/20/2016
543,	04/12/2016,	04/12/2016
543,	04/12/2016,	06/14/2016
544,	05/13/2016,	05/13/2016
544,	05/13/2016,	08/16/2016
545,	06/14/2016,	06/14/2016
546,	07/15/2016,	07/15/2016
546,	07/15/2016,	09/17/2016
547,	08/16/2016,	08/16/2016
548,	09/17/2016,	09/17/2016
548,	09/17/2016,	10/18/2016
549,	10/18/2016,	10/18/2016
550,	11/19/2016,	11/19/2016
550,	11/19/2016,	12/20/2016
551,	12/20/2016,	12/20/2016
552,	01/21/2016,	01/21/2016
552,	01/21/2016,	02/22/2016
553,	02/22/2016,	02/22/2016
553,	02/22/2016,	04/24/2016
554,	03/23/2016,	03/23/2016
554,	03/23/2016,	04/24/2016
554,	03/23/2016,	06/26/2016
555,	04/24/2016,	04/24/2016
555,	04/24/2016,	08/28/2016
556,	05/25/2016,	05/25/2016
556,	05/25/2016,	06/26/2016
556,	05/25/2016,	12/04/2016
557,	06/26/2016,	06/26/2016
557,	06/26/2016,	09/01/2016
558,	07/27/2016,	07/27/2016
558,	07/27/2016,	08/28/2016
559,	08/28/2016,	08/28/2016
560,	09/01/2016,	09/01/2016
560,	09/01/2016,	10/02/2016
560,	09/01/2016,	11/03/2016
561,	10/02/2016,	10/02/2016
562,	11/03/2016,	11/03/2016
562,	11/03/2016,	12/04/2016
563,	12/04/2016,	12/04/2016
564,	01/05/2016,	01/05/2016
565,	02/06/2016,	02/06/2016
566,	03/07/2016,	03/07/2016
566,	03/07/2016,	12/16/2016
567,	04/08/2016,	04/08/2016
567,	04/08/2016,	07/11/2016
568,	05/09/2016,	05/09/2016
569,	06/10/2016,	06/10/2016
569,	06/10/2016,	10/14/2016
570,	07/11/2016,	07/11/2016
570,	07/11/2016,	09/13/2016
571,	08/12/2016,	08/12/2016
571,	08/12/2016,	09/13/2016
572,	09/13/2016,	09/13/2016
573,	10/14/2016,	10/14/2016
573,	10/14/2016,	11/15/2016
574,	11/15/2016,	11/15/2016
575,	12/16/2016,	12/16/2016
576,	01/17/2016,	01/17/2016
577,	02/18/2016,	02/18/2016
577,	02/18/2016,	03/19/2016
577,	02/18/2016,	04/20/2016
577,	02/18/2016,	05/21/2016
578,	03/19/2016,	03/19/2016
579,	04/20/2016,	04/20/2016
579,	04/20/2016,	05/21/2016
580,	05/21/2016,	05/21/2016
580,	05/21/2016,	07/23/2016
581,	06/22/2016,	06/22/2016
581,	06/22/2016,	07/23/2016
582,	07/23/2016,	07/23/2016
583,	08/24/2016,	08/24/2016
583,	08/24/2016,	09/25/2016
584,	09/25/2016,	09/25/2016
585,	10/26/2016,	10/26/2016
586,	11/27/2016,	11/27/2016
587,	12/28/2016,	12/28/2016
588,	01/01/2016,	01/01/2016
588,	01/01/2016,	05/05/2016
589,	02/02/2016,	02/02/2016
590,	03/03/2016,	03/03/2016
591,	04/04/2016,	04/04/2016
591,	04/04/2016,	09/09/2016
591,	04/04/2016,	10/10/2016
592,	05/05/2016,	05/05/2016
592,	05/05/2016,	06/06/2016
593,	06/06/2016,	06/06/2016
594,	07/07/2016,	07/07/2016
594,	07/07/2016,	08/08/2016
594,	07/07/2016,	09/09/2016
595,	08/08/2016,	08/08/2016
596,	09/09/2016,	09/09/2016
596,	09/09/2016,	10/10/2016
597,	10/10/2016,	10/10/2016
598,	11/11/2016,	11/11/2016
598,	11/11/2016,	12/12/2016
599,	12/12/2016,	12/12/2016
600,	01/13/2016,	01/13/2016
600,	01/13/2016,	02/14/2016
601,	02/14/2016,	02/14/2016
601,	02/14/2016,	04/16/2016
602,	03/15/2016,	03/15/2016
602,	03/15/2016,	04/16/2016
602,	03/15/2016,	07/19/2016
602,	03/15/2016,	08/20/2016
603,	04/16/2016,	04/16/2016
604,	05/17/2016,	05/17/2016
604,	05/17/2016,	06/18/2016
604,	05/17/2016,	07/19/2016
605,	06/18/2016,	06/18/2016
606,	07/19/2016,	07/19/2016
606,	07/19/2016,	08/20/2016
607,	08/20/2016,	08/20/2016
607,	08/20/2016,	11/23/2016
608,	09/21/2016,	09/21/2016
609,	10/22/2016,	10/22/2016
610,	11/23/2016,	11/23/2016
611,	12/24/2016,	12/24/2016
612,	01/25/2016,	01/25/2016
613,	02/26/2016,	02/26/2016
614,	03/27/2016,	03/27/2016
614,	03/27/2016,	10/06/2016
615,	04/28/2016,	04/28/2016
615,	04/28/2016,	05/01/2016
615,	04/28/2016,	10/06/2016
616,	05/01/2016,	05/01/2016
616,	05/01/2016,	09/05/2016
617,	06/02/2016,	06/02/2016
617,	06/02/2016,	07/03/2016
617,	06/02/2016,	09/05/2016
618,	07/03/2016,	07/03/2016
618,	07/03/2016,	09/05/2016
619,	08/04/2016,	08/04/2016
619,	08/04/2016,	09/05/2016
620,	09/05/2016,	09/05/2016
621,	10/06/2016,	10/06/2016
621,	10/06/2016,	11/07/2016
621,	10/06/2016,	12/08/2016
622,	11/07/2016,	11/07/2016
623,	12/08/2016,	12/08/2016
624,	01/09/2016,	01/09/2016
624,	01/09/2016,	12/20/2016
625,	02/10/2016,	02/10/2016
625,	02/10/2016,	03/11/2016
626,	03/11/2016,	03/11/2016
627,	04/12/2016,	04/12/2016
627,	04/12/2016,	05/13/2016
627,	04/12/2016,	07/15/2016
628,	05/13/2016,	05/13/2016
628,	05/13/2016,	07/15/2016
629,	06/14/2016,	06/14/2016
629,	06/14/2016,	07/15/2016
630,	07/15/2016,	07/15/2016
630,	07/15/2016,	11/19/2016
631,	08/16/2016,	08/16/2016
632,	09/17/2016,	09/17/2016
633,	10/18/2016,	10/18/2016
634,	11/19/2016,	11/19/2016
635,	12/20/2016,	12/20/2016
636,	01/21/2016,	01/21/2016
637,	02/22/2016,	02/22/2016
637,	02/22/2016,	05/25/2016
637,	02/22/2016,	10/02/2016
638,	03/23/2016,	03/23/2016
638,	03/23/2016,	04/24/2016
638,	03/23/2016,	05/25/2016
639,	04/24/2016,	04/24/2016
639,	04/24/2016,	12/04/2016
640,	05/25/2016,	05/25/2016
640,	05/25/2016,	06/26/2016
641,	06/26/2016,	06/26/2016
642,	07/27/2016,	07/27/2016
642,	07/27/2016,	08/28/2016
642,	07/27/2016,	12/04/2016
643,	08/28/2016,	08/28/2016
644,	09/01/2016,	09/01/2016
644,	09/01/2016,	10/02/2016
645,	10/02/2016,	10/02/2016
645,	10/02/2016,	12/04/2016
646,	11/03/2016,	11/03/2016
646,	11/03/2016,	12/04/2016
647,	12/04/2016,	12/04/2016
648,	01/05/2016,	01/05/2016
648,	01/05/2016,	02/06/2016
649,	02/06/2016,	02/06/2016
649,	02/06/2016,	06/10/2016
649,	02/06/2016,	10/14/2016
650,	03/07/2016,	03/07/2016
650,	03/07/2016,	04/08/2016
650,	03/07/2016,	06/10/2016
651,	04/08/2016,	04/08/2016
651,	04/08/2016,	12/16/2016
652,	05/09/2016,	05/09/2016
652,	05/09/2016,	07/11/2016
652,	05/09/2016,	12/16/2016
653,	06/10/2016,	06/10/2016
653,	06/10/2016,	11/15/2016
654,	07/11/2016,	07/11/2016
655,	08/12/2016,	08/12/2016
655,	08/12/2016,	10/14/2016
656,	09/13/2016,	09/13/2016
657,	10/14/2016,	10/14/2016
658,	11/15/2016,	11/15/2016
659,	12/16/2016,	12/16/2016
660,	01/17/2016,	01/17/2016
660,	01/17/2016,	04/20/2016
661,	02/18/2016,	02/18/2016
661,	02/18/2016,	03/19/2016
661,	02/18/2016,	12/28/2016
662,	03/19/2016,	03/19/2016
662,	03/19/2016,	05/21/2016
663,	04/20/2016,	04/20/2016
663,	04/20/2016,	05/21/2016
663,	04/20/2016,	08/24/2016
664,	05/21/2016,	05/21/2016
665,	06/22/2016,	06/22/2016
665,	06/22/2016,	07/23/2016
666,	07/23/2016,	07/23/2016
667,	08/24/2016,	08/24/2016
667,	08/24/2016,	09/25/2016
668,	09/25/2016,	09/25/2016
669,	10/26/2016,	10/26/2016
669,	10/26/2016,	11/27/2016
669,	10/26/2016,	12/28/2016
670,	11/27/2016,	11/27/2016
671,	12/28/2016,	12/28/2016
672,	01/01/2016,	01/01/2016
672,	01/01/2016,	08/08/2016
673,	02/02/2016,	02/02/2016
673,	02/02/2016,	03/03/2016
673,	02/02/2016,	07/07/2016
674,	03/03/2016,	03/03/2016
675,	04/04/2016,	04/04/2016
676,	05/05/2016,	05/05/2016
677,	06/06/2016,	06/06/2016
677,	06/06/2016,	10/10/2016
678,	07/07/2016,	07/07/2016
679,	08/08/2016,	08/08/2016
679,	08/08/2016,	10/10/2016
680,	09/09/2016,	09/09/2016
680,	09/09/2016,	12/12/2016
681,	10/10/2016,	10/10/2016
682,	11/11/2016,	11/11/2016
682,	11/11/2016,	12/12/2016
683,	12/12/2016,	12/12/2016
684,	01/13/2016,	01/13/2016
684,	01/13/2016,	02/14/2016
684,	01/13/2016,	06/18/2016
685,	02/14/2016,	02/14/2016
686,	03/15/2016,	03/15/2016
686,	03/15/2016,	04/16/2016
686,	03/15/2016,	05/17/2016
686,	03/15/2016,	09/21/2016
687,	04/16/2016,	04/16/2016
688,	05/17/2016,	05/17/2016
688,	05/17/2016,	06/18/2016
689,	06/18/2016,	06/18/2016
690,	07/19/2016,	07/19/2016
690,	07/19/2016,	08/20/2016
690,	07/19/2016,	10/22/2016
691,	08/20/2016,	08/20/2016
691,	08/20/2016,	12/24/2016
692,	09/21/2016,	09/21/2016
692,	09/21/2016,	10/22/2016
693,	10/22/2016,	10/22/2016
693,	10/22/2016,	12/24/2016
694,	11/23/2016,	11/23/2016
694,	11/23/2016,	12/24/2016
695,	12/24/2016,	12/24/2016
696,	01/25/2016,	01/25/2016
696,	01/25/2016,	03/27/2016
697,	02/26/2016,	02/26/2016
698,	03/27/2016,	03/27/2016
699,	04/28/2016,	04/28/2016
700,	05/01/2016,	05/01/2016
700,	05/01/2016,	08/04/2016
701,	06/02/2016,	06/02/2016
702,	07/03/2016,	07/03/2016
703,	08/04/2016,	08/04/2016
703,	08/04/2016,	10/06/2016
704,	09/05/2016,	09/05/2016
705,	10/06/2016,	10/06/2016
705,	10/06/2016,	11/07/2016
706,	11/07/2016,	11/07/2016
707,	12/08/2016,	12/08/2016
708,	01/09/2016,	01/09/2016
709,	02/10/2016,	02/10/2016
709,	02/10/2016,	03/11/2016
710,	03/11/2016,	03/11/2016
710,	03/11/2016,	05/13/2016
710,	03/11/2016,	06/14/2016
710,	03/11/2016,	09/17/2016
710,	03/11/2016,	10/18/2016
711,	04/12/2016,	04/12/2016
711,	04/12/2016,	05/13/2016
712,	05/13/2016,	05/13/2016
713,	06/14/2016,	06/14/2016
713,	06/14/2016,	07/15/2016
713,	06/14/2016,	08/16/2016
714,	07/15/2016,	07/15/2016
715,	08/16/2016,	08/16/2016
715,	08/16/2016,	09/17/2016
716,	09/17/2016,	09/17/2016
717,	10/18/2016,	10/18/2016
717,	10/18/2016,	11/19/2016
718,	11/19/2016,	11/19/2016
719,	12/20/2016,	12/20/2016
720,	01/21/2016,	01/21/2016
720,	01/21/2016,	03/23/2016
720,	01/21/2016,	04/24/2016
721,	02/22/2016,	02/22/2016
722,	03/23/2016,	03/23/2016
723,	04/24/2016,	04/24/2016
724,	05/25/2016,	05/25/2016
725,	06/26/2016,	06/26/2016
726,	07/27/2016,	07/27/2016
726,	07/27/2016,	08/28/2016
727,	08/28/2016,	08/28/2016
727,	08/28/2016,	10/02/2016
728,	09/01/2016,	09/01/2016
728,	09/01/2016,	10/02/2016
729,	10/02/2016,	10/02/2016
730,	11/03/2016,	11/03/2016
730,	11/03/2016,	12/04/2016
731,	12/04/2016,	12/04/2016
732,	01/05/2016,	01/05/2016
732,	01/05/2016,	02/06/2016
733,	02/06/2016,	02/06/2016
733,	02/06/2016,	06/10/2016
734,	03/07/2016,	03/07/2016
734,	03/07/2016,	04/08/2016
735,	04/08/2016,	04/08/2016
735,	04/08/2016,	09/13/2016
736,	05/09/2016,	05/09/2016
736,	05/09/2016,	06/10/2016
737,	06/10/2016,	06/10/2016
737,	06/10/2016,	08/12/2016
738,	07/11/2016,	07/11/2016
738,	07/11/2016,	08/12/2016
738,	07/11/2016,	11/15/2016
739,	08/12/2016,	08/12/2016
740,	09/13/2016,	09/13/2016
740,	09/13/2016,	10/14/2016
740,	09/13/2016,	12/16/2016
741,	10/14/2016,	10/14/2016
742,	11/15/2016,	11/15/2016
743,	12/16/2016,	12/16/2016
744,	01/17/2016,	01/17/2016
744,	01/17/2016,	03/19/2016
744,	01/17/2016,	10/26/2016
745,	02/18/2016,	02/18/2016
746,	03/19/2016,	03/19/2016
746,	03/19/2016,	08/24/2016
747,	04/20/2016,	04/20/2016
747,	04/20/2016,	06/22/2016
747,	04/20/2016,	08/24/2016
748,	05/21/2016,	05/21/2016
749,	06/22/2016,	06/22/2016
749,	06/22/2016,	07/23/2016
750,	07/23/2016,	07/23/2016
750,	07/23/2016,	10/26/2016
751,	08/24/2016,	08/24/2016
751,	08/24/2016,	09/25/2016
752,	09/25/2016,	09/25/2016
753,	10/26/2016,	10/26/2016
753,	10/26/2016,	11/27/2016
754,	11/27/2016,	11/27/2016
755,	12/28/2016,	12/28/2016
756,	01/01/2016,	01/01/2016
757,	02/02/2016,	02/02/2016
757,	02/02/2016,	03/03/2016
758,	03/03/2016,	03/03/2016
759,	04/04/2016,	04/04/2016
759,	04/04/2016,	05/05/2016
760,	05/05/2016,	05/05/2016
761,	06/06/2016,	06/06/2016
761,	06/06/2016,	07/07/2016
761,	06/06/2016,	08/08/2016
762,	07/07/2016,	07/07/2016
763,	08/08/2016,	08/08/2016
763,	08/08/2016,	11/11/2016
764,	09/09/2016,	09/09/2016
765,	10/10/2016,	10/10/2016
766,	11/11/2016,	11/11/2016
767,	12/12/2016,	12/12/2016
768,	01/13/2016,	01/13/2016
768,	01/13/2016,	03/15/2016
768,	01/13/2016,	08/20/2016
769,	02/14/2016,	02/14/2016
770,	03/15/2016,	03/15/2016
771,	04/16/2016,	04/16/2016
771,	04/16/2016,	06/18/2016
772,	05/17/2016,	05/17/2016
772,	05/17/2016,	06/18/2016
773,	06/18/2016,	06/18/2016
773,	06/18/2016,	09/21/2016
774,	07/19/2016,	07/19/2016
774,	07/19/2016,	08/20/2016
775,	08/20/2016,	08/20/2016
776,	09/21/2016,	09/21/2016
776,	09/21/2016,	10/22/2016
777,	10/22/2016,	10/22/2016
778,	11/23/2016,	11/23/2016
778,	11/23/2016,	12/24/2016
779,	12/24/2016,	12/24/2016
780,	01/25/2016,	01/25/2016
780,	01/25/2016,	02/26/2016
780,	01/25/2016,	05/01/2016
781,	02/26/2016,	02/26/2016
782,	03/27/2016,	03/27/2016
782,	03/27/2016,	04/28/2016
783,	04/28/2016,	04/28/2016
783,	04/28/2016,	07/03/2016
784,	05/01/2016,	05/01/2016
784,	05/01/2016,	06/02/2016
785,	06/02/2016,	06/02/2016
785,	06/02/2016,	08/04/2016
786,	07/03/2016,	07/03/2016
787,	08/04/2016,	08/04/2016
788,	09/05/2016,	09/05/2016
788,	09/05/2016,	11/07/2016
789,	10/06/2016,	10/06/2016
790,	11/07/2016,	11/07/2016
791,	12/08/2016,	12/08/2016
792,	01/09/2016,	01/09/2016
793,	02/10/2016,	02/10/2016
793,	02/10/2016,	03/11/2016
793,	02/10/2016,	05/13/2016
794,	03/11/2016,	03/11/2016
794,	03/11/2016,	07/15/2016
795,	04/12/2016,	04/12/2016
795,	04/12/2016,	05/13/2016
795,	04/12/2016,	06/14/2016
796,	05/13/2016,	05/13/2016
797,	06/14/2016,	06/14/2016
797,	06/14/2016,	07/15/2016
797,	06/14/2016,	11/19/2016
797,	06/14/2016,	12/20/2016
798,	07/15/2016,	07/15/2016
799,	08/16/2016,	08/16/2016
799,	08/16/2016,	09/17/2016
800,	09/17/2016,	09/17/2016
801,	10/18/2016,	10/18/2016
801,	10/18/2016,	11/19/2016
802,	11/19/2016,	11/19/2016
803,	12/20/2016,	12/20/2016
804,	01/21/2016,	01/21/2016
805,	02/22/2016,	02/22/2016
805,	02/22/2016,	03/23/2016
805,	02/22/2016,	04/24/2016
805,	02/22/2016,	08/28/2016
806,	03/23/2016,	03/23/2016
806,	03/23/2016,	10/02/2016
807,	04/24/2016,	04/24/2016
807,	04/24/2016,	05/25/2016
808,	05/25/2016,	05/25/2016
808,	05/25/2016,	09/01/2016
808,	05/25/2016,	10/02/2016
809,	06/26/2016,	06/26/2016
810,	07/27/2016,	07/27/2016
811,	08/28/2016,	08/28/2016
812,	09/01/2016,	09/01/2016
812,	09/01/2016,	11/03/2016
813,	10/02/2016,	10/02/2016
814,	11/03/2016,	11/03/2016
815,	12/04/2016,	12/04/2016
816,	01/05/2016,	01/05/2016
816,	01/05/2016,	02/06/2016
817,	02/06/2016,	02/06/2016
818,	03/07/2016,	03/07/2016
818,	03/07/2016,	04/08/2016
819,	04/08/2016,	04/08/2016
819,	04/08/2016,	06/10/2016
820,	05/09/2016,	05/09/2016
820,	05/09/2016,	06/10/2016
821,	06/10/2016,	06/10/2016
821,	06/10/2016,	12/16/2016
822,	07/11/2016,	07/11/2016
822,	07/11/2016,	08/12/2016
822,	07/11/2016,	09/13/2016
822,	07/11/2016,	11/15/2016
823,	08/12/2016,	08/12/2016
823,	08/12/2016,	11/15/2016
824,	09/13/2016,	09/13/2016
824,	09/13/2016,	10/14/2016
825,	10/14/2016,	10/14/2016
826,	11/15/2016,	11/15/2016
826,	11/15/2016,	12/16/2016
827,	12/16/2016,	12/16/2016
828,	01/17/2016,	01/17/2016
828,	01/17/2016,	02/18/2016
828,	01/17/2016,	06/22/2016
829,	02/18/2016,	02/18/2016
829,	02/18/2016,	04/20/2016
829,	02/18/2016,	08/24/2016
830,	03/19/2016,	03/19/2016
831,	04/20/2016,	04/20/2016
832,	05/21/2016,	05/21/2016
833,	06/22/2016,	06/22/2016
833,	06/22/2016,	09/25/2016
834,	07/23/2016,	07/23/2016
835,	08/24/2016,	08/24/2016
836,	09/25/2016,	09/25/2016
836,	09/25/2016,	11/27/2016
837,	10/26/2016,	10/26/2016
838,	11/27/2016,	11/27/2016
839,	12/28/2016,	12/28/2016
840,	01/01/2016,	01/01/2016
840,	01/01/2016,	11/11/2016
841,	02/02/2016,	02/02/2016
841,	02/02/2016,	03/03/2016
841,	02/02/2016,	06/06/2016
841,	02/02/2016,	11/11/2016
842,	03/03/2016,	03/03/2016
843,	04/04/2016,	04/04/2016
843,	04/04/2016,	05/05/2016
843,	04/04/2016,	07/07/2016
844,	05/05/2016,	05/05/2016
845,	06/06/2016,	06/06/2016
845,	06/06/2016,	07/07/2016
845,	06/06/2016,	12/12/2016
846,	07/07/2016,	07/07/2016
846,	07/07/2016,	09/09/2016
847,	08/08/2016,	08/08/2016
847,	08/08/2016,	09/09/2016
848,	09/09/2016,	09/09/2016
849,	10/10/2016,	10/10/2016
849,	10/10/2016,	11/11/2016
850,	11/11/2016,	11/11/2016
851,	12/12/2016,	12/12/2016
852,	01/13/2016,	01/13/2016
853,	02/14/2016,	02/14/2016
853,	02/14/2016,	04/16/2016
853,	02/14/2016,	05/17/2016
854,	03/15/2016,	03/15/2016
855,	04/16/2016,	04/16/2016
855,	04/16/2016,	08/20/2016
856,	05/17/2016,	05/17/2016
856,	05/17/2016,	08/20/2016
857,	06/18/2016,	06/18/2016
858,	07/19/2016,	07/19/2016
859,	08/20/2016,	08/20/2016
860,	09/21/2016,	09/21/2016
860,	09/21/2016,	10/22/2016
860,	09/21/2016,	11/23/2016
861,	10/22/2016,	10/22/2016
862,	11/23/2016,	11/23/2016
862,	11/23/2016,	12/24/2016
863,	12/24/2016,	12/24/2016
864,	01/25/2016,	01/25/2016
864,	01/25/2016,	02/26/2016
864,	01/25/2016,	08/04/2016
865,	02/26/2016,	02/26/2016
866,	03/27/2016,	03/27/2016
866,	03/27/2016,	04/28/2016
866,	03/27/2016,	06/02/2016
867,	04/28/2016,	04/28/2016
868,	05/01/2016,	05/01/2016
868,	05/01/2016,	06/02/2016
869,	06/02/2016,	06/02/2016
869,	06/02/2016,	10/06/2016
870,	07/03/2016,	07/03/2016
870,	07/03/2016,	08/04/2016
870,	07/03/2016,	09/05/2016
871,	08/04/2016,	08/04/2016
872,	09/05/2016,	09/05/2016
872,	09/05/2016,	10/06/2016
873,	10/06/2016,	10/06/2016
874,	11/07/2016,	11/07/2016
874,	11/07/2016,	12/08/2016
875,	12/08/2016,	12/08/2016
876,	01/09/2016,	01/09/2016
876,	01/09/2016,	04/12/2016
877,	02/10/2016,	02/10/2016
877,	02/10/2016,	04/12/2016
878,	03/11/2016,	03/11/2016
879,	04/12/2016,	04/12/2016
879,	04/12/2016,	09/17/2016
880,	05/13/2016,	05/13/2016
880,	05/13/2016,	07/15/2016
881,	06/14/2016,	06/14/2016
882,	07/15/2016,	07/15/2016
883,	08/16/2016,	08/16/2016
883,	08/16/2016,	09/17/2016
883,	08/16/2016,	12/20/2016
884,	09/17/2016,	09/17/2016
885,	10/18/2016,	10/18/2016
885,	10/18/2016,	11/19/2016
886,	11/19/2016,	11/19/2016
887,	12/20/2016,	12/20/2016
888,	01/21/2016,	01/21/2016
889,	02/22/2016,	02/22/2016
889,	02/22/2016,	03/23/2016
890,	03/23/2016,	03/23/2016
890,	03/23/2016,	08/28/2016
891,	04/24/2016,	04/24/2016
891,	04/24/2016,	05/25/2016
892,	05/25/2016,	05/25/2016
893,	06/26/2016,	06/26/2016
893,	06/26/2016,	07/27/2016
894,	07/27/2016,	07/27/2016
894,	07/27/2016,	09/01/2016
895,	08/28/2016,	08/28/2016
895,	08/28/2016,	09/01/2016
896,	09/01/2016,	09/01/2016
896,	09/01/2016,	12/04/2016
897,	10/02/2016,	10/02/2016
897,	10/02/2016,	12/04/2016
898,	11/03/2016,	11/03/2016
899,	12/04/2016,	12/04/2016
900,	01/05/2016,	01/05/2016
901,	02/06/2016,	02/06/2016
902,	03/07/2016,	03/07/2016
903,	04/08/2016,	04/08/2016
904,	05/09/2016,	05/09/2016
904,	05/09/2016,	07/11/2016
905,	06/10/2016,	06/10/2016
906,	07/11/2016,	07/11/2016
906,	07/11/2016,	08/12/2016
906,	07/11/2016,	10/14/2016
907,	08/12/2016,	08/12/2016
908,	09/13/2016,	09/13/2016
908,	09/13/2016,	10/14/2016
909,	10/14/2016,	10/14/2016
910,	11/15/2016,	11/15/2016
910,	11/15/2016,	12/16/2016
911,	12/16/2016,	12/16/2016
912,	01/17/2016,	01/17/2016
912,	01/17/2016,	02/18/2016
913,	02/18/2016,	02/18/2016
914,	03/19/2016,	03/19/2016
914,	03/19/2016,	04/20/2016
914,	03/19/2016,	05/21/2016
915,	04/20/2016,	04/20/2016
916,	05/21/2016,	05/21/2016
916,	05/21/2016,	06/22/2016
916,	05/21/2016,	08/24/2016
916,	05/21/2016,	09/25/2016
916,	05/21/2016,	11/27/2016
917,	06/22/2016,	06/22/2016
918,	07/23/2016,	07/23/2016
918,	07/23/2016,	08/24/2016
919,	08/24/2016,	08/24/2016
920,	09/25/2016,	09/25/2016
921,	10/26/2016,	10/26/2016
921,	10/26/2016,	12/28/2016
922,	11/27/2016,	11/27/2016
923,	12/28/2016,	12/28/2016
924,	01/01/2016,	01/01/2016
924,	01/01/2016,	07/07/2016
925,	02/02/2016,	02/02/2016
926,	03/03/2016,	03/03/2016
926,	03/03/2016,	06/06/2016
926,	03/03/2016,	11/11/2016
927,	04/04/2016,	04/04/2016
927,	04/04/2016,	05/05/2016
928,	05/05/2016,	05/05/2016
928,	05/05/2016,	07/07/2016
929,	06/06/2016,	06/06/2016
929,	06/06/2016,	07/07/2016
930,	07/07/2016,	07/07/2016
930,	07/07/2016,	11/11/2016
931,	08/08/2016,	08/08/2016
931,	08/08/2016,	09/09/2016
932,	09/09/2016,	09/09/2016
933,	10/10/2016,	10/10/2016
933,	10/10/2016,	11/11/2016
934,	11/11/2016,	11/11/2016
935,	12/12/2016,	12/12/2016
936,	01/13/2016,	01/13/2016
936,	01/13/2016,	04/16/2016
936,	01/13/2016,	09/21/2016
937,	02/14/2016,	02/14/2016
937,	02/14/2016,	03/15/2016
938,	03/15/2016,	03/15/2016
938,	03/15/2016,	05/17/2016
938,	03/15/2016,	11/23/2016
938,	03/15/2016,	12/24/2016
939,	04/16/2016,	04/16/2016
939,	04/16/2016,	05/17/2016
940,	05/17/2016,	05/17/2016
940,	05/17/2016,	11/23/2016
941,	06/18/2016,	06/18/2016
941,	06/18/2016,	07/19/2016
941,	06/18/2016,	11/23/2016
942,	07/19/2016,	07/19/2016
943,	08/20/2016,	08/20/2016
944,	09/21/2016,	09/21/2016
945,	10/22/2016,	10/22/2016
945,	10/22/2016,	12/24/2016
946,	11/23/2016,	11/23/2016
947,	12/24/2016,	12/24/2016
948,	01/25/2016,	01/25/2016
948,	01/25/2016,	07/03/2016
948,	01/25/2016,	09/05/2016
949,	02/26/2016,	02/26/2016
949,	02/26/2016,	05/01/2016
950,	03/27/2016,	03/27/2016
950,	03/27/2016,	04/28/2016
951,	04/28/2016,	04/28/2016
951,	04/28/2016,	11/07/2016
952,	05/01/2016,	05/01/2016
952,	05/01/2016,	06/02/2016
952,	05/01/2016,	07/03/2016
952,	05/01/2016,	10/06/2016
953,	06/02/2016,	06/02/2016
954,	07/03/2016,	07/03/2016
954,	07/03/2016,	08/04/2016
955,	08/04/2016,	08/04/2016
955,	08/04/2016,	10/06/2016
956,	09/05/2016,	09/05/2016
956,	09/05/2016,	10/06/2016
956,	09/05/2016,	12/08/2016
957,	10/06/2016,	10/06/2016
958,	11/07/2016,	11/07/2016
958,	11/07/2016,	12/08/2016
959,	12/08/2016,	12/08/2016
960,	01/09/2016,	01/09/2016
960,	01/09/2016,	02/10/2016
960,	01/09/2016,	08/16/2016
961,	02/10/2016,	02/10/2016
962,	03/11/2016,	03/11/2016
962,	03/11/2016,	04/12/2016
962,	03/11/2016,	05/13/2016
963,	04/12/2016,	04/12/2016
964,	05/13/2016,	05/13/2016
965,	06/14/2016,	06/14/2016
966,	07/15/2016,	07/15/2016
967,	08/16/2016,	08/16/2016
968,	09/17/2016,	09/17/2016
969,	10/18/2016,	10/18/2016
969,	10/18/2016,	12/20/2016
970,	11/19/2016,	11/19/2016
971,	12/20/2016,	12/20/2016
972,	01/21/2016,	01/21/2016
972,	01/21/2016,	03/23/2016
972,	01/21/2016,	05/25/2016
972,	01/21/2016,	06/26/2016
973,	02/22/2016,	02/22/2016
973,	02/22/2016,	03/23/2016
974,	03/23/2016,	03/23/2016
975,	04/24/2016,	04/24/2016
975,	04/24/2016,	05/25/2016
976,	05/25/2016,	05/25/2016
977,	06/26/2016,	06/26/2016
977,	06/26/2016,	07/27/2016
978,	07/27/2016,	07/27/2016
979,	08/28/2016,	08/28/2016
979,	08/28/2016,	09/01/2016
979,	08/28/2016,	10/02/2016
979,	08/28/2016,	11/03/2016
980,	09/01/2016,	09/01/2016
981,	10/02/2016,	10/02/2016
981,	10/02/2016,	11/03/2016
982,	11/03/2016,	11/03/2016
983,	12/04/2016,	12/04/2016
984,	01/05/2016,	01/05/2016
985,	02/06/2016,	02/06/2016
985,	02/06/2016,	03/07/2016
986,	03/07/2016,	03/07/2016
986,	03/07/2016,	05/09/2016
986,	03/07/2016,	07/11/2016
987,	04/08/2016,	04/08/2016
988,	05/09/2016,	05/09/2016
989,	06/10/2016,	06/10/2016
989,	06/10/2016,	08/12/2016
989,	06/10/2016,	09/13/2016
990,	07/11/2016,	07/11/2016
991,	08/12/2016,	08/12/2016
991,	08/12/2016,	12/16/2016
992,	09/13/2016,	09/13/2016
993,	10/14/2016,	10/14/2016
994,	11/15/2016,	11/15/2016
994,	11/15/2016,	12/16/2016
995,	12/16/2016,	12/16/2016
996,	01/17/2016,	01/17/2016
996,	01/17/2016,	02/18/2016
996,	01/17/2016,	03/19/2016
997,	02/18/2016,	02/18/2016
998,	03/19/2016,	03/19/2016
998,	03/19/2016,	04/20/2016
999,	04/20/2016,	04/20/2016
999,	04/20/2016,	07/23/2016
1000,	05/21/2016,	05/21/2016
1000,	05/21/2016,	06/22/2016
1000,	05/21/2016,	09/25/2016
